{"width":1024,"SubTexture":[{"y":259,"frameX":-24,"frameHeight":256,"frameY":-67,"width":208,"frameWidth":256,"height":184,"name":"wadah","x":435},{"y":259,"frameX":-26,"frameHeight":256,"frameY":-21,"width":204,"frameWidth":256,"height":204,"name":"cahaya dalam wadah","x":1},{"width":256,"y":1,"height":256,"name":"Wavy Stuffs","x":1},{"y":259,"frameX":-15,"frameHeight":256,"frameY":-45,"width":226,"frameWidth":256,"height":182,"name":"tutup","x":207},{"y":259,"frameX":-69,"frameHeight":256,"frameY":-116,"width":122,"frameWidth":256,"height":112,"name":"cahaya","x":645},{"y":443,"frameX":-115,"frameHeight":256,"frameY":-152,"width":31,"frameWidth":256,"height":34,"name":"simbol cahaya","x":207}],"height":512,"name":"Treasurechest","imagePath":"Treasurechest_tex.png"}