{"frameRate":24,"isGlobal":0,"name":"Treasurechest","version":"5.5","armature":[{"slot":[{"color":{},"name":"wadah","parent":"wadah"},{"z":1,"color":{},"name":"cahaya dalam wadah","parent":"root"},{"z":2,"color":{},"name":"Wavy Stuffs","parent":"root","displayIndex":-1},{"z":3,"color":{},"name":"tutup","parent":"tutup"},{"z":4,"color":{},"name":"cahaya","parent":"tutup"},{"z":5,"color":{},"name":"simbol cahaya","parent":"tutup"}],"ik":[],"name":"Armature","bone":[{"transform":{},"name":"root"},{"length":173,"transform":{"y":140.35,"skX":-90,"skY":-90,"x":-12.65},"parent":"root","name":"wadah"},{"length":129,"transform":{"y":2.1,"skX":1.4122,"skY":1.4122,"x":79.4944},"parent":"wadah","name":"tutup"}],"skin":[{"slot":[{"display":[{"path":"tutup","type":"image","name":"tutup","transform":{"y":-3.9039,"skX":88.5878,"skY":88.5878,"x":25.1817}}],"name":"tutup"},{"display":[{"path":"cahaya","type":"image","name":"cahaya","transform":{"y":3.6261,"skX":88.5878,"skY":88.5878,"x":28.9881}}],"name":"cahaya"},{"display":[{"path":"simbol cahaya","type":"image","name":"simbol cahaya","transform":{"y":-3.9574,"skX":88.5878,"skY":88.5878,"x":25.4113}}],"name":"simbol cahaya"},{"display":[{"path":"wadah","type":"image","name":"wadah","transform":{"y":-1.0525,"skX":90,"skY":90,"x":116.5958}}],"name":"wadah"},{"display":[{"path":"cahaya dalam wadah","type":"image","name":"cahaya dalam wadah","transform":{"y":31.8599,"x":-18.0082}}],"name":"cahaya dalam wadah"},{"display":[{"width":256,"userEdges":[],"type":"mesh","vertices":[-34.05,-9.45,-74.1,-13.6,-97.3,-2.4,-91.7,29.2,-58.7,58.75,-15.8,79.05,28.5,89,60.8,55.2,86.1,35.55,86.8,5.3,69.9,-28.4,45.3,-24.95,34.8,-9.45,15.85,8.85,-8.75,11.7,-23.5,6.7],"transform":{"y":21.7005,"x":-13.7826},"triangles":[11,12,10,10,12,9,9,12,8,12,7,8,12,13,7,13,6,7,14,5,13,13,5,6,4,5,14,15,4,14,3,4,15,0,1,15,1,3,15,2,3,1],"path":"Wavy Stuffs","edges":[0,1,1,2,2,3,3,4,4,5,5,6,6,7,7,8,8,9,9,10,10,11,11,12,12,13,13,14,14,15,15,0],"height":256,"name":"Wavy Stuffs","uvs":[0.36699,0.46309,0.21055,0.44688,0.11992,0.49062,0.1418,0.61406,0.2707,0.72949,0.43828,0.80879,0.61133,0.84766,0.7375,0.71562,0.83633,0.63887,0.83906,0.5207,0.77305,0.38906,0.67695,0.40254,0.63594,0.46309,0.56191,0.53457,0.46582,0.5457,0.4082,0.52617]}],"name":"Wavy Stuffs"}],"name":""}],"animation":[{"slot":[{"colorFrame":[],"displayFrame":[],"name":"tutup"},{"colorFrame":[],"displayFrame":[],"name":"wadah"},{"colorFrame":[{"duration":24},{"duration":6,"color":{"aM":0},"tweenEasing":0},{"duration":24}],"displayFrame":[{"value":-1,"duration":24},{"duration":6},{"duration":24}],"name":"simbol cahaya"},{"colorFrame":[{"duration":24},{"duration":6,"color":{"aM":0},"tweenEasing":0},{"duration":24}],"displayFrame":[{"value":-1,"duration":24},{"duration":6},{"duration":24}],"name":"cahaya"},{"colorFrame":[{"duration":24,"color":{"aM":0},"tweenEasing":0},{"duration":6,"color":{"aM":0},"tweenEasing":0},{"duration":24}],"displayFrame":[],"name":"cahaya dalam wadah"},{"colorFrame":[],"displayFrame":[{"value":-1,"duration":23},{"duration":31}],"name":"Wavy Stuffs"}],"frame":[],"ik":[],"playTimes":0,"ffd":[],"duration":54,"name":"animtion0","bone":[{"rotateFrame":[{"duration":24},{"duration":23,"tweenEasing":0},{"duration":7}],"name":"root","translateFrame":[{"tweenEasing":0,"duration":24,"y":-45.4691},{"duration":30,"y":-45.47}],"scaleFrame":[]},{"rotateFrame":[{"duration":24},{"duration":23,"tweenEasing":0},{"duration":7}],"name":"tutup","translateFrame":[{"duration":30},{"tweenEasing":0,"duration":10},{"tweenEasing":0,"duration":14,"x":44.8684},{"duration":0,"x":44.8684}],"scaleFrame":[]},{"rotateFrame":[{"duration":2,"tweenEasing":0},{"duration":2,"tweenEasing":0},{"rotate":-1.8554,"duration":3,"tweenEasing":0},{"rotate":6.8395,"duration":2,"tweenEasing":0},{"rotate":-6.1304,"duration":2,"tweenEasing":0},{"rotate":5.6544,"duration":1,"tweenEasing":0},{"duration":2,"tweenEasing":0},{"duration":4,"tweenEasing":0},{"duration":6,"tweenEasing":0},{"duration":30}],"name":"wadah","translateFrame":[{"tweenEasing":0,"duration":2},{"tweenEasing":0,"duration":10},{"tweenEasing":0,"duration":2},{"tweenEasing":0,"duration":4},{"duration":36}],"scaleFrame":[{"tweenEasing":0,"duration":2},{"tweenEasing":0,"duration":10},{"tweenEasing":0,"duration":2,"x":0.8507},{"tweenEasing":0,"duration":4,"x":1.0801},{"duration":36}]}]}],"type":"Armature","frameRate":24,"defaultActions":[{"gotoAndPlay":"animtion0"}],"aabb":{"width":267.797682801354,"y":-104.2457896405071,"height":267.8311384355504,"x":-146.00820911714348}}]}