{"width":1024,"SubTexture":[{"frameHeight":768,"y":694,"frameX":-103,"width":335,"frameY":-590,"height":178,"name":"bayangan","frameWidth":512,"x":527},{"frameHeight":768,"y":1,"frameX":-35,"width":420,"frameY":-33,"height":691,"name":"batu melayang 2","frameWidth":512,"x":1},{"frameHeight":768,"y":694,"frameX":-60,"width":250,"frameY":-192,"height":249,"name":"Yellow light","frameWidth":512,"x":275},{"frameHeight":768,"y":694,"frameX":0,"width":272,"frameY":-207,"height":299,"name":"blue glow","frameWidth":512,"x":1}],"height":1024,"name":"Batumelayang2","imagePath":"Batumelayang2_tex.png"}