{"frameRate":24,"isGlobal":0,"armature":[{"defaultActions":[{"gotoAndPlay":"animtion0"}],"type":"Armature","name":"Armature","skin":[{"slot":[{"display":[{"path":"batu melayang 2","type":"image","name":"batu melayang 1","transform":{"skX":89.5221,"y":1.7476,"skY":89.5221,"x":312.0254}}],"name":"batu melayang 1"},{"display":[{"path":"blue glow","type":"image","name":"red glow","transform":{"skX":90,"y":102.8078,"skY":90,"x":15.6233}}],"name":"red glow1"},{"display":[{"path":"bayangan","type":"image","name":"bayangan","transform":{"skX":87.2914,"y":-5.5441,"skY":87.2914,"x":337.6143}}],"name":"bayangan"},{"display":[{"path":"Yellow light","type":"image","name":"blue glow","transform":{"skX":92.3733,"y":78.9586,"skY":92.3733,"x":-30.2282}}],"name":"blue glow"},{"display":[{"path":"Yellow light","type":"image","name":"red glow","transform":{"skX":92.4969,"y":43.5717,"skY":92.4969,"x":-41.7502}}],"name":"red glow"}],"name":""}],"bone":[{"name":"root","transform":{}},{"length":611,"transform":{"skX":-89.5221,"y":267.5,"skY":-89.5221,"x":7.65},"parent":"root","name":"batu melayang 1"},{"length":107,"transform":{"skX":-87.2914,"y":319.8371,"skY":-87.2914},"parent":"root","name":"bayangan"},{"length":114,"transform":{"skX":-90,"y":45.7206,"skY":-90,"x":135.3},"parent":"root","name":"red glow1"},{"length":135,"transform":{"skX":-92.4969,"y":-112.4788,"skY":-92.4969,"x":52.95},"parent":"root","name":"red glow"},{"length":141,"transform":{"skX":-92.3733,"y":265.5075,"skY":-92.3733,"x":-91.1833},"parent":"root","name":"blue glow"}],"aabb":{"width":761.1485065942236,"y":-456.6664388143299,"height":1133.1066025778719,"x":-267.0407157676343},"slot":[{"name":"bayangan","parent":"bayangan","color":{}},{"z":1,"name":"batu melayang 1","parent":"batu melayang 1","color":{}},{"z":2,"name":"blue glow","parent":"blue glow","color":{}},{"z":3,"name":"red glow","parent":"red glow","color":{}},{"z":4,"name":"red glow1","parent":"red glow1","color":{}}],"ik":[],"frameRate":24,"animation":[{"playTimes":0,"slot":[{"colorFrame":[{"tweenEasing":0,"duration":35},{"tweenEasing":0,"color":{"aM":54},"duration":35},{"tweenEasing":0,"duration":35},{"tweenEasing":0,"color":{"aM":54},"duration":35},{"duration":0}],"displayFrame":[],"name":"bayangan"},{"colorFrame":[],"displayFrame":[],"name":"batu melayang 1"},{"colorFrame":[{"tweenEasing":0,"duration":35},{"tweenEasing":0,"color":{"aM":50},"duration":35},{"tweenEasing":0,"duration":35},{"tweenEasing":0,"color":{"aM":50},"duration":35},{"duration":0}],"displayFrame":[],"name":"blue glow"},{"colorFrame":[{"tweenEasing":0,"color":{"aM":50},"duration":35},{"tweenEasing":0,"duration":70},{"tweenEasing":0,"duration":35},{"color":{"aM":50},"duration":0}],"displayFrame":[],"name":"red glow"},{"colorFrame":[],"displayFrame":[],"name":"red glow1"}],"ffd":[],"ik":[],"frame":[],"bone":[{"rotateFrame":[],"scaleFrame":[],"name":"root","translateFrame":[]},{"rotateFrame":[],"scaleFrame":[],"name":"batu melayang 1","translateFrame":[{"tweenEasing":0,"duration":35},{"y":-53.0059,"tweenEasing":0,"duration":35},{"tweenEasing":0,"duration":35},{"y":-53.0059,"tweenEasing":0,"duration":35},{"duration":0}]},{"rotateFrame":[],"scaleFrame":[{"tweenEasing":0,"duration":35},{"y":1.5172,"tweenEasing":0,"duration":35},{"tweenEasing":0,"duration":35},{"y":1.5172,"tweenEasing":0,"duration":35},{"duration":0}],"name":"bayangan","translateFrame":[{"y":-23.4178,"tweenEasing":0,"duration":70},{"y":-23.4178,"tweenEasing":0,"duration":70},{"y":-23.4178,"duration":0}]},{"rotateFrame":[],"scaleFrame":[],"name":"red glow1","translateFrame":[{"tweenEasing":0,"duration":35},{"y":-110.1448,"tweenEasing":0,"duration":35,"x":-133.2429},{"y":206.1957,"tweenEasing":0,"duration":35,"x":-139.6527},{"y":-242.6835,"tweenEasing":0,"duration":35,"x":-100.1903},{"duration":0}]},{"rotateFrame":[],"scaleFrame":[],"name":"red glow","translateFrame":[{"tweenEasing":0,"duration":35},{"y":309.1518,"tweenEasing":0,"duration":35,"x":68.5883},{"y":147.4234,"tweenEasing":0,"duration":35,"x":56.9118},{"y":309.1518,"tweenEasing":0,"duration":35,"x":-73.3628},{"duration":0}]},{"rotateFrame":[],"scaleFrame":[],"name":"blue glow","translateFrame":[{"y":67.8551,"tweenEasing":0,"duration":35},{"y":130.3915,"tweenEasing":0,"duration":35,"x":112.8681},{"y":16.4156,"tweenEasing":0,"duration":35,"x":43.7783},{"y":130.3915,"tweenEasing":0,"duration":35,"x":102.3613},{"y":67.8551,"duration":0}]}],"name":"animtion0","duration":140}]}],"name":"Batumelayang2","version":"5.5"}