{"frameRate":24,"isGlobal":0,"armature":[{"defaultActions":[{"gotoAndPlay":"animtion0"}],"type":"Armature","name":"Armature","skin":[{"slot":[{"display":[{"path":"bayangan","type":"image","name":"bayangan","transform":{"skX":88.0748,"y":-1.8813,"skY":88.0748,"x":115.502}}],"name":"bayangan"},{"display":[{"path":"fragment","type":"image","name":"fragment","transform":{"skX":90,"y":1,"skY":90,"x":28.5}}],"name":"fragment"}],"name":""}],"bone":[{"name":"root","transform":{}},{"length":119,"transform":{"skX":-88.0748,"y":27.375,"skY":-88.0748,"x":-6},"parent":"root","name":"bayangan"},{"length":146,"transform":{"skX":-90,"y":-8.0625,"skY":-90,"x":-5},"parent":"root","name":"fragment"}],"aabb":{"width":256,"y":-216.12499999999994,"height":307.5624999999999,"x":-132},"slot":[{"name":"bayangan","parent":"bayangan","color":{}},{"z":1,"name":"fragment","parent":"fragment","color":{}}],"ik":[],"frameRate":24,"animation":[{"playTimes":0,"slot":[{"colorFrame":[{"tweenEasing":0,"duration":25},{"tweenEasing":0,"color":{"aM":60},"duration":25},{"duration":0}],"displayFrame":[],"name":"bayangan"},{"colorFrame":[],"displayFrame":[],"name":"fragment"}],"ffd":[],"ik":[],"frame":[],"bone":[{"rotateFrame":[],"scaleFrame":[],"name":"root","translateFrame":[]},{"rotateFrame":[],"scaleFrame":[],"name":"bayangan","translateFrame":[]},{"rotateFrame":[],"scaleFrame":[],"name":"fragment","translateFrame":[{"tweenEasing":0,"duration":25},{"y":-33.75,"tweenEasing":0,"duration":25},{"duration":0}]}],"name":"animtion0","duration":50}]}],"name":"fragment","version":"5.5"}