{"width":1024,"SubTexture":[{"frameHeight":768,"y":1,"frameX":-103,"width":335,"frameY":-590,"height":178,"name":"bayangan","frameWidth":512,"x":455},{"frameHeight":768,"y":1,"frameX":-36,"width":452,"frameY":-34,"height":686,"name":"batu melayang 1","frameWidth":512,"x":1},{"frameHeight":768,"y":689,"frameX":0,"width":272,"frameY":-207,"height":299,"name":"blue glow","frameWidth":512,"x":303},{"frameHeight":768,"y":689,"frameX":-126,"width":300,"frameY":-134,"height":299,"name":"red glow","frameWidth":512,"x":1}],"height":1024,"name":"Batumelayang1","imagePath":"Batumelayang1_tex.png"}